claim_id,canonical_claim_id,claim_text,claimed_person,claim_type,language,verdict,verdict_confidence,sufficiency,source_urls,provenance_family_ids,review_status,annotator_id,notes
T369-001,T369-C001,"Nikola Tesla said: If you only knew the magnificence of the 3, 6 and 9, then you would have a key to the universe.",Nikola Tesla,quotation,en,insufficient,0.50,insufficient,,,candidate,UNASSIGNED,"Viral quotation; exact wording and earliest occurrence require archival search."
T369-002,T369-C002,"Nikola Tesla said that the secrets of the universe should be understood through energy, frequency, and vibration.",Nikola Tesla,quotation,en,insufficient,0.50,insufficient,,,candidate,UNASSIGNED,"Frequently attributed wording; authenticate exact or materially equivalent primary passage."
T369-003,T369-C003,"Nikola Tesla said that his brain was only a receiver and that the universe contained a core from which knowledge is obtained.",Nikola Tesla,quotation,en,insufficient,0.50,insufficient,,,candidate,UNASSIGNED,"Quotation candidate; investigate the earliest traceable wording."
T369-004,T369-C004,"Nikola Tesla said: The present is theirs; the future, for which I really worked, is mine.",Nikola Tesla,quotation,en,insufficient,0.50,insufficient,,,candidate,UNASSIGNED,"Quotation candidate; punctuation and wording variants must remain in one canonical family."
T369-005,T369-C005,"Nikola Tesla said that he did not care that others stole his idea but cared that they had no ideas of their own.",Nikola Tesla,quotation,en,insufficient,0.50,insufficient,,,candidate,UNASSIGNED,"Quotation candidate; search Tesla texts and later biography transmission."
T369-006,T369-C006,"Nikola Tesla told someone that their hate could light the whole world if it were turned into electricity.",Nikola Tesla,quotation,en,insufficient,0.50,insufficient,,,candidate,UNASSIGNED,"Often framed as a personal reply; identify addressee and documentary origin."
T369-007,T369-C007,"Nikola Tesla said that scientists of his day thought deeply instead of clearly.",Nikola Tesla,quotation,en,insufficient,0.50,insufficient,,,candidate,UNASSIGNED,"Quotation candidate; search interview and magazine archives."
T369-008,T369-C008,"Nikola Tesla said that being alone was the secret of invention because ideas are born in solitude.",Nikola Tesla,quotation,en,insufficient,0.50,insufficient,,,candidate,UNASSIGNED,"Quotation candidate; distinguish paraphrase from exact quotation."
T369-009,T369-C009,"Nikola Tesla wrote that all repeated acts or operations he performed had to be divisible by three.",Nikola Tesla,behavior,en,insufficient,0.50,insufficient,,,candidate,UNASSIGNED,"Primary-text lead exists in My Inventions; verify against a scan before authentication."
T369-010,T369-C010,"Nikola Tesla always walked around a building three times before entering it.",Nikola Tesla,behavior,en,insufficient,0.50,insufficient,,,candidate,UNASSIGNED,"Popular biographical claim; determine whether primary or later biography evidence exists."
T369-011,T369-C011,"Nikola Tesla would stay only in hotel rooms whose numbers were divisible by three.",Nikola Tesla,behavior,en,insufficient,0.50,insufficient,,,candidate,UNASSIGNED,"Popular biographical claim; search hotel records and early biographies."
T369-012,T369-C012,"Nikola Tesla believed that the numbers 3, 6, and 9 formed a special cosmic code.",Nikola Tesla,belief,en,insufficient,0.50,insufficient,,,candidate,UNASSIGNED,"Interpretive belief claim; divisible-by-three behavior cannot authenticate it by itself."
T369-013,T369-C013,"Nikola Tesla developed and patented key elements of a practical polyphase alternating-current system.",Nikola Tesla,discovery,en,insufficient,0.50,insufficient,,,candidate,UNASSIGNED,"Search patents and contemporaneous engineering records; avoid broader inventor-of-AC wording."
T369-014,T369-C014,"Nikola Tesla invented alternating current.",Nikola Tesla,discovery,en,insufficient,0.50,insufficient,,,candidate,UNASSIGNED,"Broad popular claim; separate AC history from Tesla's polyphase-system contributions."
T369-015,T369-C015,"Nikola Tesla patented a method and apparatus for remotely controlling a moving vessel or vehicle in 1898.",Nikola Tesla,discovery,en,insufficient,0.50,insufficient,,,candidate,UNASSIGNED,"Patent US613809A is a primary lead; verify dates and claim wording."
T369-016,T369-C016,"Nikola Tesla invented radio.",Nikola Tesla,discovery,en,insufficient,0.50,insufficient,,,candidate,UNASSIGNED,"Historically complex priority claim; avoid binary judgment without explicit criteria."
T369-017,T369-C017,"The United States Supreme Court officially declared Nikola Tesla to be the inventor of radio.",Nikola Tesla,discovery,en,insufficient,0.50,insufficient,,,candidate,UNASSIGNED,"Check the 1943 judgment itself; distinguish patent-claim invalidation from an inventor declaration."
T369-018,T369-C018,"Nikola Tesla invented X-rays before Wilhelm Röntgen.",Nikola Tesla,discovery,en,insufficient,0.50,insufficient,,,candidate,UNASSIGNED,"Priority claim; distinguish experimentation and imaging from discovery."
T369-019,T369-C019,"Nikola Tesla invented radar decades before its recognized development.",Nikola Tesla,discovery,en,insufficient,0.50,insufficient,,,candidate,UNASSIGNED,"Priority claim; distinguish prediction, component ideas, and an operational radar system."
T369-020,T369-C020,"Nikola Tesla predicted portable wireless devices capable of distant voice and image communication.",Nikola Tesla,prediction,en,insufficient,0.50,insufficient,,,candidate,UNASSIGNED,"1926 interview lead exists; authenticate wording against the original magazine scan."

