search_id,claim_id,primary_repositories,exact_query,fragment_or_concept_query,date_frozen,status,assigned_to,notes
SEARCH-001,T369-001,"Library of Congress;Internet Archive;Tesla Museum","""If you only knew the magnificence of the 3, 6 and 9"" Tesla","Tesla 3 6 9 key universe earliest source interview",2026-09-05,planned,UNASSIGNED,"Trace the asserted 1931 interview; log inaccessible archives."
SEARCH-002,T369-002,"Internet Archive;Library of Congress;Tesla-authored works","""secrets of the universe"" ""energy frequency and vibration"" Tesla","Tesla energy frequency vibration earliest attribution",2026-09-05,planned,UNASSIGNED,"Search material-equivalence variants separately from exact wording."
SEARCH-003,T369-003,"Internet Archive;Tesla Museum correspondence;Google Books","""my brain is only a receiver"" Tesla","Tesla receiver universe core knowledge quote origin",2026-09-05,planned,UNASSIGNED,"Check whether wording originates in a later author."
SEARCH-004,T369-004,"Internet Archive;Library of Congress newspapers;Google Books","""The present is theirs"" ""future"" Tesla","Tesla future for which I really worked earliest source",2026-09-05,planned,UNASSIGNED,"Search punctuation and translation variants."
SEARCH-005,T369-005,"Tesla correspondence catalogs;Internet Archive;Google Books","""stole my idea"" ""ideas of their own"" Tesla","Tesla stolen idea quote earliest biography",2026-09-05,planned,UNASSIGNED,"Inspect biography citations rather than quote compilations."
SEARCH-006,T369-006,"Tesla correspondence catalogs;Library of Congress;newspaper archives","""hate could be turned into electricity"" Tesla","Tesla hate electricity light whole world addressee",2026-09-05,planned,UNASSIGNED,"Identify the alleged recipient and document type."
SEARCH-007,T369-007,"Internet Archive magazines;Library of Congress newspapers;Google Books","""think deeply instead of clearly"" Tesla","Tesla scientists today deeply clearly interview",2026-09-05,planned,UNASSIGNED,"Check interview dates and scan pages."
SEARCH-008,T369-008,"Internet Archive magazines;Library of Congress newspapers;Google Books","""Be alone"" ""secret of invention"" Tesla","Tesla ideas born solitude quote source",2026-09-05,planned,UNASSIGNED,"Separate later paraphrase from exact quotation."
SEARCH-009,T369-009,"Electrical Experimenter scans;Wikisource;Internet Archive","""All repeated acts or operations"" ""divisible by three""","Tesla My Inventions repeated acts divisible three scan",2026-09-05,planned,UNASSIGNED,"Compare transcription to original page image."
SEARCH-010,T369-010,"Tesla biographies;newspaper archives;Tesla Museum","Tesla ""walked around"" building ""three times""","Tesla walking around block three times earliest biography",2026-09-05,planned,UNASSIGNED,"Record whether the source reports observation or repeats lore."
SEARCH-011,T369-011,"hotel records;Tesla biographies;newspaper archives","Tesla hotel room ""divisible by three""","Tesla hotel room numbers multiples of three source",2026-09-05,planned,UNASSIGNED,"Search room 3327 claims without assuming accuracy."
SEARCH-012,T369-012,"Tesla-authored works;Internet Archive;Tesla Museum","Tesla ""3, 6, and 9"" cosmic code","Tesla numerology belief earliest documented source",2026-09-05,planned,UNASSIGNED,"Behavior involving three is not sufficient evidence for this belief claim."
SEARCH-013,T369-013,"Google Patents;USPTO records;IEEE history;Tesla Museum","Nikola Tesla polyphase alternating current patents","Tesla practical polyphase system 1888 patent history",2026-09-05,planned,UNASSIGNED,"Define the technical scope before authentication."
SEARCH-014,T369-014,"engineering histories;Google Patents;IEEE history","""Tesla invented alternating current""","history alternating current before Tesla polyphase contribution",2026-09-05,planned,UNASSIGNED,"Broad overclaim requires comparison with earlier AC development."
SEARCH-015,T369-015,"Google Patents;USPTO;Library of Congress newspapers","US613809A Tesla remote control vessel","Tesla remote controlled boat demonstration 1898 newspaper",2026-09-05,planned,UNASSIGNED,"Record patent claims and demonstration evidence separately."
SEARCH-016,T369-016,"patent records;Supreme Court judgment;engineering histories","""Tesla invented radio""","Tesla Marconi Stone Lodge radio priority patents",2026-09-05,planned,UNASSIGNED,"Predefine what counts as invention before verdict."
SEARCH-017,T369-017,"U.S. Reports;Library of Congress;legal scholarship","""Supreme Court"" ""Tesla"" ""inventor of radio""","Marconi Wireless Telegraph v United States Tesla judgment pages",2026-09-05,planned,UNASSIGNED,"Use the judgment text as decisive evidence about what the Court stated."
SEARCH-018,T369-018,"Tesla-authored articles;Röntgen records;history-of-science literature","""Tesla invented X-rays""","Tesla shadowgraph X-ray experiments dates Röntgen discovery",2026-09-05,planned,UNASSIGNED,"Separate experiments and imaging improvements from discovery."
SEARCH-019,T369-019,"Tesla-authored articles;patents;radar histories","""Tesla invented radar""","Tesla 1917 radar principle operational system",2026-09-05,planned,UNASSIGNED,"Distinguish a prediction or concept from an implemented system."
SEARCH-020,T369-020,"Collier's archive;Internet Archive magazines;newspaper databases","""A man will be able to carry one in his vest pocket"" Tesla","Tesla 1926 wireless pocket instrument original Collier's scan",2026-09-05,planned,UNASSIGNED,"Authenticate against the original magazine pages."
