evidence_id,claim_id,title,creator,publisher_or_archive,publication_date,source_url,access_date,source_type,source_rank,is_primary,location_pointer,stance,evidence_summary,provenance_family_id,parent_evidence_id,provenance_relation,provenance_confidence,ocr_status,verification_status,annotator_id,notes
EVID-101,T369-001,My Inventions,Nikola Tesla,Wikisource transcription of The Electrical Experimenter series,1919,https://en.wikisource.org/wiki/My_Inventions,2026-09-05,primary_text_transcription,2,true,"My Early Life; paragraph beginning 'I counted the steps'",mentions_only,"Tesla documents repeated acts divisible by three, but this distinct passage does not authenticate a 3-6-9 key-to-the-universe quotation.",PF-MY-INVENTIONS-1919,,original,high,transcription_unchecked,needs_scan_check,MACHINE-PREANNOTATION,"Context evidence only. A human must compare the February 1919 magazine scan before quoting the transcription verbatim."
EVID-102,T369-001,"The 3, 6, 9 Time Management Strategy",Derrick Schwabe,Nerd Business,2009-12-01,https://nerdbusiness.com/blog/3-6-9-time-management-strategy/,2026-09-05,dated_blog_post,5,false,Opening paragraph,mentions_only,"The page contains the exact viral wording and attributes it to Tesla without identifying a documentary source.",PF-369-MAGNIFICENCE-WEB,,original,medium,digital_text,screened,MACHINE-PREANNOTATION,"Earliest directly inspected dated web occurrence located in this pilot; this is not a claim that no earlier occurrence exists."
EVID-103,T369-001,Nikola Tesla 369 Theory,Kim LaCapria,Truth or Fiction,2021-08-03,https://www.truthorfiction.com/nikola-tesla-369-theory/,2026-09-05,fact_check,4,false,Propagation discussion and source list,mentions_only,"The article traces later circulation and points back to the December 2009 Nerd Business occurrence, but locates no Tesla-era source.",PF-369-MAGNIFICENCE-WEB,EVID-102,cites,high,digital_text,screened,MACHINE-PREANNOTATION,"Useful propagation analysis; not independent authentication."
EVID-104,T369-001,Nicola Tesla's 3-6-9 Theory: What You Need To Know,,Meditative Mind,,https://meditativemind.org/nicola-teslas-3-6-9-theory-what-you-need-to-know/,2026-09-05,uncurated_web,5,false,"Opening and 'The secret of the universe' section",mentions_only,"The page repeats the quotation and asserts My Inventions and an unspecified 1931 interview without issue, interviewer, page, or archive identifier.",PF-369-MAGNIFICENCE-WEB,EVID-102,unknown,medium,digital_text,screened,MACHINE-PREANNOTATION,"Treat the 1931 and My Inventions statements as unsupported source claims, not as evidence of authentication."
EVID-105,T369-002,Comments from the Inventor of the Purple Energy Plates - Ralph Bergstresser,Nevin,Nevin Cares,2006-05-03,https://nevincares.blogspot.com/2006/05/comments-from-inventor-of-purple.html,2026-09-05,dated_blog_mirror,5,false,Footnote,mentions_only,"The page attributes the energy-frequency-vibration sentence to a private 1942 conversation reported by Ralph Bergstresser; no contemporaneous record is supplied.",PF-BERGSTRESSER-PURPLE,,original,medium,digital_text,screened,MACHINE-PREANNOTATION,"Earliest directly inspected dated online reproduction in this pilot; the commercial-origin story is hearsay, not primary evidence."
EVID-106,T369-002,Coments From The Inventor of the Purple Harmony Plates,Ralph Bergstresser,Biblioteca Pleyades,,https://www.bibliotecapleyades.net/ciencia/esp_ciencia_universalenergy02.htm,2026-09-05,sales_material_mirror,5,false,Footnote describing an alleged 1942 conversation,mentions_only,"This mirror presents the same private-conversation attribution in material promoting Tesla-branded purple energy products.",PF-BERGSTRESSER-PURPLE,EVID-105,unknown,medium,digital_text,screened,MACHINE-PREANNOTATION,"The two pages appear to share a commercial upstream source; direction between the mirrors remains unresolved."
EVID-107,T369-002,Nikola Tesla - Disputed quotations,,Wikiquote,,https://en.wikiquote.org/wiki/Nikola_Tesla,2026-09-05,edited_quote_compilation,4,false,Disputed section,mentions_only,"Wikiquote labels a combined energy-frequency-vibration and brain-receiver passage disputed and cites the Bergstresser purple-plate page.",PF-BERGSTRESSER-PURPLE,EVID-106,cites,high,digital_text,screened,MACHINE-PREANNOTATION,"Count as one dependent provenance family, not as independent corroboration."
EVID-108,T369-002,Dr. Nikola Tesla: The Forgotten Super Man of Our Industrial Age,Ralph Bergstresser,Health Research Books,1996,https://books.google.com/books/about/Dr_Nikola_Tesla.html?id=RllCHPs2KZoC,2026-09-05,book_metadata_and_limited_preview,4,false,Google Books metadata; 20 pages,mentions_only,"The bibliographic record establishes a 1996 Bergstresser Tesla booklet, but the available preview does not verify the quotation or a page-level source.",PF-BERGSTRESSER-BOOK,,original,low,digital_text,needs_full_text_review,MACHINE-PREANNOTATION,"Acquire the complete booklet and record the exact page before connecting it to the purple-plate webpage."
EVID-109,T369-003,"My brain is only a receiver... - Nikola Tesla",Rob Pugh,Relaxed Focus,2012-02-18,https://relaxedfocus.blogspot.com/2012/02/my-brain-is-only-receiver-nikola-tesla.html,2026-09-05,dated_blog_post,5,false,Post title and image,mentions_only,"The dated post circulates the receiver quotation as an attributed image but provides no primary or biographical source.",PF-BRAIN-RECEIVER-WEB,,original,medium,digital_text,screened,MACHINE-PREANNOTATION,"Earliest directly inspected dated web occurrence located in this pilot; image text requires human transcription confirmation."
EVID-110,T369-003,Nikola Tesla - Disputed quotations,,Wikiquote,,https://en.wikiquote.org/wiki/Nikola_Tesla,2026-09-05,edited_quote_compilation,4,false,Disputed section,mentions_only,"Wikiquote appends the brain-receiver wording to the energy-frequency sentence but cites a target that does not contain the appended wording.",PF-BRAIN-RECEIVER-WEB,EVID-106,cites,high,digital_text,screened,MACHINE-PREANNOTATION,"This is a citation-target mismatch and a key provenance-aware retrieval example."
EVID-111,T369-003,Tesla on Inspiration,Big Think editorial staff,Big Think,2014-04-28,https://bigthink.com/words-of-wisdom/tesla-on-inspiration/,2026-09-05,journalistic_quote_post,4,false,Main quotation,mentions_only,"The article repeats the receiver quotation under Tesla's name without a document, date, interviewer, or page reference.",PF-BRAIN-RECEIVER-WEB,EVID-109,unknown,medium,digital_text,screened,MACHINE-PREANNOTATION,"Chronology and identical unusual wording suggest dependence, but the direct path is unknown."
EVID-112,T369-004,Politika issue of 27 April 1927,Dragoslav Lj. Petkovic interview with Nikola Tesla,National Library of Serbia,1927-04-27,https://digitalna.nb.rs/view/URN:NB:RS:SD_2F6F6602455A67B1B521D786232CBF4A-1927-04-27,2026-09-05,contemporaneous_newspaper_scan,1,true,"Pages 1-2; 'Poseta g. Nikoli Tesli'",supports,"The stable national-library issue record and scan show the contemporaneous Serbian interview containing the material present-versus-future statement.",PF-POLITIKA-1927,,original,high,scan_available,needs_page_review,MACHINE-PREANNOTATION,"Issue identity and article were visually checked; a Serbian-English bilingual annotator must verify the exact line and translation."
EVID-113,T369-004,Namrgodeni Tesla o Pupinu i Markoniju,Slobodan Kljakic,Politika,2016-07-09,https://www.politika.rs/scc/clanak/358643/namrgodeni-tesla-o-pupinu-i-markoniju,2026-09-05,newspaper_archive_retrospective,2,false,"Section 'Njihova je sadasnjost a moja buducnost'",supports,"Politika identifies its 1927 pages and reproduces the Serbian passage: the present is theirs and Tesla's is the future for which he worked.",PF-POLITIKA-1927,EVID-112,quotes,high,digital_text,screened,MACHINE-PREANNOTATION,"Strong translation support, but the paper must disclose that the familiar English is a translation rather than Tesla's recorded English wording."
EVID-114,T369-004,Nikola Tesla quotations,,Wikiquote,,https://en.wikiquote.org/wiki/Nikola_Tesla,2026-09-05,edited_quote_compilation,4,false,Attributed quotation with Politika citation,supports,"The entry cites the 27 April 1927 Politika interview for the present-versus-future wording.",PF-POLITIKA-1927,EVID-112,cites,high,digital_text,screened,MACHINE-PREANNOTATION,"Secondary finding aid only; do not count separately from the Politika family."
EVID-115,T369-004,The Transmission of Electrical Energy Without Wires As a Means for Furthering Peace,Nikola Tesla,Electrical World and Engineer transcript at Tesla Universe,1905-01-07,https://teslauniverse.com/nikola-tesla/articles/transmission-electrical-energy-without-wires-means-furthering-peace,2026-09-05,contemporaneous_article_transcription,2,true,Final paragraph,mentions_only,"The 1905 text ends with a related first clause about past greatness but does not contain the later present-versus-future sentences shown on the linked quote page.",PF-ELECTRICAL-WORLD-1905,,original,high,digital_text,needs_scan_check,MACHINE-PREANNOTATION,"This source-target comparison exposes an incorrect or incomplete citation path; compare to the original journal scan before final publication."
EVID-116,T369-004,Nikola Tesla Quote 26,,Tesla Universe,,https://teslauniverse.com/nikola-tesla/quotes/26,2026-09-05,quote_database,4,false,Quote page and source link,mentions_only,"The page prints the full quotation but dates and links it to a 1905 article whose displayed text contains only the opening clause, not the present-versus-future statement.",PF-TESLAUNIVERSE-QUOTE26,EVID-115,cites,high,digital_text,screened,MACHINE-PREANNOTATION,"Do not use the page's 1905 attribution as decisive evidence; the 1927 Politika record is the supported path."
EVID-117,T369-005,POZICA 2009 school literary magazine,Katarina Brnic passage,Dani Dragutina Gervaisa,2009,https://danigjalskog.com/wp-content/uploads/2022/06/Prijelom-pozica-2009.pdf,2026-09-05,school_literary_magazine,5,false,PDF page 126; extracted lines 3034-3036,mentions_only,"A student letter to Tesla contains a Croatian variant of the stolen-ideas quotation but gives no primary citation.",PF-STOLEN-IDEAS-SOUTH-SLAVIC,,original,medium,ocr_plus_scan,needs_page_review,MACHINE-PREANNOTATION,"Earliest directly inspected dated occurrence located in this pilot; not proof of origin or Tesla authorship."
EVID-118,T369-005,Nikola Tesla,Sofija Konjevic,Ruder Boskovic Institute Library,2010-11-11,https://www.lib.irb.hr/web/collections/books/item/660-nikola-tesla/660-nikola-tesla.html?lang=en&tmpl=component&type=raw,2026-09-05,institutional_webpage,4,false,Opening quotation,mentions_only,"The library page repeats a near-identical Croatian wording without identifying an upstream document.",PF-STOLEN-IDEAS-SOUTH-SLAVIC,EVID-117,unknown,medium,digital_text,screened,MACHINE-PREANNOTATION,"Exact wording and chronology support a shared family, but direct copying is not established."
EVID-119,T369-005,Nikola Tesla Quotes,,Goodreads,,https://www.goodreads.com/author/quotes/278.Nikola_Tesla,2026-09-05,community_quote_database,5,false,First results page; English stolen-ideas attribution,mentions_only,"The community quote page circulates the English wording while explicitly warning that member-added quotations are not verified.",PF-STOLEN-IDEAS-ENGLISH,,original,low,digital_text,screened,MACHINE-PREANNOTATION,"Occurrence evidence only; creation timestamp is unavailable from the displayed page."
EVID-120,T369-004,What is the Future of the Hospital of the Future? The Seven Pillars,Erito Marques de Souza Filho and Sheila Mittelstaedt,International Journal of Cardiovascular Sciences,2022,https://pdfs.semanticscholar.org/2ca5/dfe9f37664ed8e7caddba06b5419ac0fcd9d.pdf,2026-09-05,scholarly_editorial,3,false,Page 643 epigraph,mentions_only,"A scholarly editorial repeats the familiar English quotation as an epigraph but does not supply the primary Politika source.",PF-POLITIKA-1927,EVID-113,unknown,medium,ocr_plus_scan,screened,MACHINE-PREANNOTATION,"Useful hard-negative example: scholarly venue status does not make a quotation an independent primary source."
