execution_id,search_id,claim_id,stage,source_tier,repository_or_index,search_interface,query_variant,query_text,executed_at_utc,result_status,authenticating_result,evidence_ids,earliest_located_date,limitations,executor_id
RUN-001,SEARCH-001,T369-001,tier_a_primary,A,Library of Congress Chronicling America,web_domain_query,exact,"EXACT PHRASE: If you only knew the magnificence of the 3, 6 and 9; Tesla",2026-09-05T03:05:00Z,no_authenticating_result,false,,,"Domain-indexed web query only; a human must repeat it in the archive interface and save result counts.",MACHINE-RECON
RUN-002,SEARCH-001,T369-001,tier_a_primary,A,Internet Archive and The Electrical Experimenter,web_domain_query,fragment,"Tesla magnificence 3 6 9 key universe",2026-09-05T03:07:00Z,no_authenticating_result,false,,,"Search-engine coverage of scanned OCR is incomplete; issue-level human searching remains required.",MACHINE-RECON
RUN-003,SEARCH-001,T369-001,tier_a_primary,A,My Inventions full text,direct_document_search,source_specific,"magnificence; key to the universe; 3 6 9",2026-09-05T03:09:00Z,contextual_result,false,EVID-101,1919,"The inspected transcription contains divisible-by-three habits but not the viral wording; original scan comparison remains pending.",MACHINE-RECON
RUN-004,SEARCH-001,T369-001,tier_b_scholarly,B,Semantic Scholar,scholarly_index_query,exact,"EXACT PHRASE: magnificence of the 3, 6 and 9; Nikola Tesla",2026-09-05T03:11:00Z,no_authenticating_result,false,,,"The query produced no scholarly source that documents a Tesla-era origin; index coverage is not exhaustive.",MACHINE-RECON
RUN-005,SEARCH-001,T369-001,tier_d_propagation,D,Open web,web_domain_query,exact,"EXACT PHRASE: If you only knew the magnificence of the 3, 6 and 9",2026-09-05T03:13:00Z,occurrence_only,false,EVID-102,2009-12-01,"Earliest located in this search is not equivalent to first publication; archived captures still need verification.",MACHINE-RECON
RUN-006,SEARCH-001,T369-001,upstream_trace,D,Truth or Fiction and linked pages,backward_citation_trace,upstream,"earliest source links for Tesla 369 quotation",2026-09-05T03:15:00Z,occurrence_only,false,"EVID-102;EVID-103",2009-12-01,"The trace reaches a 2009 unsourced blog occurrence, not a Tesla-era document.",MACHINE-RECON
RUN-007,SEARCH-001,T369-001,tier_d_propagation,D,Meditative Mind,direct_document_search,concept,"Tesla 1931 interview magnificence 3 6 9",2026-09-05T03:17:00Z,occurrence_only,false,EVID-104,,"The page names no interview title, issue, interviewer, page, or archive identifier.",MACHINE-RECON
RUN-008,SEARCH-002,T369-002,tier_a_primary,A,Library of Congress Chronicling America,web_domain_query,exact,"EXACT PHRASES: secrets of the universe; energy frequency and vibration; Tesla",2026-09-05T03:19:00Z,no_authenticating_result,false,,,"Domain-indexed web query only; direct archive-interface searching and saved counts are pending.",MACHINE-RECON
RUN-009,SEARCH-002,T369-002,tier_a_primary,A,Internet Archive Tesla texts,web_domain_query,fragment,"Tesla energy frequency vibration before 1943",2026-09-05T03:21:00Z,no_authenticating_result,false,,,"OCR and metadata coverage may miss spelling or punctuation variants; human corpus search is required.",MACHINE-RECON
RUN-010,SEARCH-002,T369-002,tier_a_primary,A,My Inventions full text,direct_document_search,source_specific,"energy; frequency; vibration; secrets of the universe",2026-09-05T03:23:00Z,no_authenticating_result,false,,,"No matching attribution was located in the inspected transcription; this does not prove historical non-occurrence.",MACHINE-RECON
RUN-011,SEARCH-002,T369-002,tier_b_scholarly,B,Semantic Scholar,scholarly_index_query,exact,"EXACT PHRASE: energy, frequency and vibration; Nikola Tesla",2026-09-05T03:25:00Z,occurrence_only,false,,,"Later scholarly papers repeat the quotation but the inspected results do not expose a Tesla-era citation.",MACHINE-RECON
RUN-012,SEARCH-002,T369-002,tier_d_propagation,D,Nevin Cares,direct_document_search,exact,"If you want to find the secrets of the Universe think in terms of energy frequency and vibration",2026-09-05T03:27:00Z,occurrence_only,false,EVID-105,2006-05-03,"The page reports an unrecorded private conversation and promotes a product origin story.",MACHINE-RECON
RUN-013,SEARCH-002,T369-002,upstream_trace,D,Biblioteca Pleyades and Purple Harmony Plates,backward_citation_trace,upstream,"Ralph Bergstresser Tesla 1942 conversation purple harmony plates",2026-09-05T03:29:00Z,occurrence_only,false,"EVID-105;EVID-106;EVID-107",2006-05-03,"A common commercial upstream page is indicated, but no contemporaneous transcript or witness was located.",MACHINE-RECON
RUN-014,SEARCH-002,T369-002,tier_c_curated,C,Google Books,web_domain_query,source_specific,"Ralph Bergstresser Dr Nikola Tesla frequency vibration",2026-09-05T03:31:00Z,contextual_result,false,EVID-108,1996,"Only bibliographic metadata and limited preview were available; the relevant page could not be verified.",MACHINE-RECON
RUN-015,SEARCH-003,T369-003,tier_a_primary,A,Library of Congress Chronicling America,web_domain_query,exact,"EXACT PHRASE: my brain is only a receiver; Tesla",2026-09-05T03:33:00Z,no_authenticating_result,false,,,"Domain-indexed query only; direct archive-interface verification and saved counts are pending.",MACHINE-RECON
RUN-016,SEARCH-003,T369-003,tier_a_primary,A,Internet Archive Tesla texts,web_domain_query,fragment,"Tesla receiver universe core knowledge inspiration",2026-09-05T03:35:00Z,no_authenticating_result,false,,,"OCR coverage can miss variants; this is a recorded negative search, not proof Tesla never said it.",MACHINE-RECON
RUN-017,SEARCH-003,T369-003,tier_a_primary,A,My Inventions full text,direct_document_search,source_specific,"brain is only a receiver; universe core; knowledge strength inspiration",2026-09-05T03:37:00Z,no_authenticating_result,false,,,"No matching passage was located in the inspected transcription; other Tesla collections require human review.",MACHINE-RECON
RUN-018,SEARCH-003,T369-003,tier_b_scholarly,B,Semantic Scholar,scholarly_index_query,exact,"EXACT PHRASE: my brain is only a receiver; Nikola Tesla",2026-09-05T03:39:00Z,occurrence_only,false,,,"Later scholarly documents quote the wording without resolving its documentary origin.",MACHINE-RECON
RUN-019,SEARCH-003,T369-003,tier_d_propagation,D,Relaxed Focus,direct_document_search,exact,"EXACT PHRASE: My brain is only a receiver; Nikola Tesla",2026-09-05T03:41:00Z,occurrence_only,false,EVID-109,2012-02-18,"The post presents the wording as an image and supplies no upstream source.",MACHINE-RECON
RUN-020,SEARCH-003,T369-003,upstream_trace,D,Wikiquote to Biblioteca Pleyades,backward_citation_trace,upstream,"Wikiquote receiver quotation cited source content comparison",2026-09-05T03:43:00Z,contextual_result,false,"EVID-106;EVID-110",,"The cited target was inspected and does not contain the receiver continuation; Wikiquote history still needs human auditing.",MACHINE-RECON
RUN-021,SEARCH-003,T369-003,tier_d_propagation,D,Big Think,direct_document_search,fragment,"Tesla receiver universe core knowledge",2026-09-05T03:45:00Z,occurrence_only,false,EVID-111,2014-04-28,"The later article offers no source and therefore cannot authenticate the attribution.",MACHINE-RECON
RUN-022,SEARCH-004,T369-004,tier_a_primary,A,National Library of Serbia,scan_viewer,translation,"njihova je sadasnjost a moja buducnost Tesla Politika",2026-09-05T03:47:00Z,authenticating_source_located,true,EVID-112,1927-04-27,"Issue and article identity were visually verified; exact Serbian line and English translation require two bilingual annotators.",MACHINE-RECON
RUN-023,SEARCH-004,T369-004,tier_a_primary,A,Internet Archive and historical periodicals,web_domain_query,exact,"EXACT PHRASES: The present is theirs; future; Tesla",2026-09-05T03:49:00Z,contextual_result,false,EVID-115,1905-01-07,"A 1905 article contains only a related opening clause; direct scan and broader corpus review remain pending.",MACHINE-RECON
RUN-024,SEARCH-004,T369-004,tier_a_primary,A,Politika 1927 issue,scan_viewer,source_specific,"Poseta g. Nikoli Tesli pages 1-2",2026-09-05T03:51:00Z,authenticating_source_located,true,EVID-112,1927-04-27,"The viewer exposes 16 high-resolution page images; final line-level location must be recorded by a bilingual reviewer.",MACHINE-RECON
RUN-025,SEARCH-004,T369-004,tier_b_scholarly,B,Semantic Scholar,scholarly_index_query,exact,"EXACT PHRASE: the present is theirs; Nikola Tesla",2026-09-05T03:53:00Z,occurrence_only,false,EVID-120,2022,"A scholarly editorial repeats the English epigraph without supplying the primary interview citation.",MACHINE-RECON
RUN-026,SEARCH-004,T369-004,tier_c_curated,C,Politika archive retrospective,direct_document_search,translation,"Njihova je sadasnjost a moja buducnost",2026-09-05T03:55:00Z,contextual_result,false,EVID-113,2016-07-09,"A same-publisher retrospective transcription supports the wording but is not independent of the original issue.",MACHINE-RECON
RUN-027,SEARCH-004,T369-004,upstream_trace,C,Tesla Universe quote database,backward_citation_trace,upstream,"Tesla Quote 26 source January 7 1905",2026-09-05T03:57:00Z,contextual_result,false,"EVID-115;EVID-116",1905-01-07,"The link target lacks the later sentences, creating a source-target mismatch rather than independent support.",MACHINE-RECON
RUN-028,SEARCH-004,T369-004,tier_c_curated,C,Wikiquote,direct_document_search,fragment,"future for which I really worked Politika 1927",2026-09-05T03:59:00Z,contextual_result,false,EVID-114,1927-04-27,"The entry is a finding aid that cites the same Politika family; it is not independent corroboration.",MACHINE-RECON
RUN-029,SEARCH-005,T369-005,tier_a_primary,A,Library of Congress Chronicling America,web_domain_query,exact,"EXACT PHRASES: stole my idea; ideas of their own; Tesla",2026-09-05T04:01:00Z,no_authenticating_result,false,,,"Domain-indexed query only; direct archive-interface verification and saved counts are pending.",MACHINE-RECON
RUN-030,SEARCH-005,T369-005,tier_a_primary,A,Internet Archive Tesla texts and biographies,web_domain_query,fragment,"Tesla others stole ideas no ideas of their own",2026-09-05T04:03:00Z,no_authenticating_result,false,,,"OCR and book-preview coverage are incomplete; early biographies require page-level human searching.",MACHINE-RECON
RUN-031,SEARCH-005,T369-005,tier_a_primary,A,My Inventions full text,direct_document_search,source_specific,"stole my idea; ideas of their own",2026-09-05T04:05:00Z,no_authenticating_result,false,,,"No matching passage was located in the inspected transcription; absence does not establish contradiction.",MACHINE-RECON
RUN-032,SEARCH-005,T369-005,tier_b_scholarly,B,Semantic Scholar and Google Books,scholarly_index_query,exact,"EXACT PHRASES: stole my ideas; ideas of their own; Nikola Tesla",2026-09-05T04:07:00Z,no_authenticating_result,false,,,"The recorded query returned no relevant scholarly result; index coverage is not exhaustive.",MACHINE-RECON
RUN-033,SEARCH-005,T369-005,tier_d_propagation,D,POZICA 2009,direct_document_search,translation,"Ne zalim sto su drugi pokrali moje ideje zalim sto nemaju svoje",2026-09-05T04:09:00Z,occurrence_only,false,EVID-117,2009,"The school magazine asserts the quote but supplies no source; exact PDF page needs human visual review.",MACHINE-RECON
RUN-034,SEARCH-005,T369-005,upstream_trace,C,Ruder Boskovic Institute Library,backward_citation_trace,upstream,"Croatian Tesla stolen ideas quotation source",2026-09-05T04:11:00Z,occurrence_only,false,"EVID-117;EVID-118",2009,"The 2010 page repeats the wording but does not identify the school magazine or an earlier source.",MACHINE-RECON
RUN-035,SEARCH-005,T369-005,tier_d_propagation,D,Goodreads,direct_document_search,exact,"I don't care that they stole my idea I care that they don't have any of their own",2026-09-05T04:13:00Z,occurrence_only,false,EVID-119,,"Goodreads states that community-added quotations are not verified and displays no creation timestamp.",MACHINE-RECON
